archivos, entrada, clases, accuracy, acc_epoca, loss, epocas, tasa
2_clases_simple.csv,2.0,2.0,1.0,14.0,0.2392531144618988,1000.0,0.001
6_clases_dificil.csv,2.0,6.0,0.9340000001589457,956.0,0.39643773357073464,1000.0,0.001
circulos.csv,2.0,2.0,0.5366666674613952,198.0,0.693204247156779,1000.0,0.001
diabetes.csv,8.0,2.0,0.784,209.0,0.4787263168096542,1000.0,0.001
iris.csv,4.0,3.0,0.913333334128062,999.0,0.3193782981236776,1000.0,0.001
moons_mis-scaled.csv,2.0,2.0,0.87,915.0,0.27427993655204774,1000.0,0.001
moons.csv,2.0,2.0,0.87,271.0,0.31453653424978256,1000.0,0.001
