,epochs,acc,val_acc
0,53,0.9813,0.9774
1,25,0.9928333333333333,0.9863
2,16,0.99615,0.9871
3,12,0.9952166666666666,0.9857
4,17,0.9831,0.9822
5,20,0.9927666666666667,0.9888
6,10,0.9920833333333333,0.9879
7,13,0.9948666666666667,0.9889
8,31,0.99085,0.9827
9,38,0.9795,0.9735
10,17,0.98275,0.9775
11,41,0.9892,0.9842
